{
  "latency": {
    "adaptive": {
      "throughput_ops": 12007.305342530542,
      "avg_latency_ms": 0.0830534286470371,
      "p95_latency_ms": 0.19788000645348833,
      "p99_latency_ms": 0.4550480011675983,
      "total_orders": 4900,
      "total_time_sec": 0.40808490000199527
    },
    "static": {
      "throughput_ops": 1134285.517976988,
      "avg_latency_ms": 0.0007680204503323731,
      "p95_latency_ms": 0.0020000006770715117,
      "p99_latency_ms": 0.0034999975468963385,
      "total_orders": 4900,
      "total_time_sec": 0.004319899991969578
    }
  },
  "regime_transition": {
    "total_transitions": 12,
    "avg_transition_time_ms": 0.23170000107105201,
    "max_transition_time_ms": 1.1364999954821542,
    "transition_times_ms": [
      0.11830001312773675,
      0.07609999738633633,
      0.06259999645408243,
      0.06070001109037548,
      0.11890000314451754,
      0.10679999832063913,
      0.09450000652577728,
      0.13970000145491213,
      0.10229999315924942,
      1.1364999954821542,
      0.3479000006336719,
      0.4160999960731715
    ]
  },
  "memory": {
    "initial_memory_mb": 36.62890625,
    "final_memory_mb": 38.19140625,
    "memory_increase_mb": 1.5625,
    "memory_per_order_kb": 0.8
  }
}